,index,kcat,kcat_std_err,km,km_std_err,mutant_name,kcatkm
0,10,381.6,5.7,17.0,16.4,A227W,22447.058823529413
1,8,97.9,19.9,326.2,24.2,C167S,300.1226241569589
2,0,0.5,11.7,44.0,25.3,E164D,11.363636363636365
3,11,483.3,4.5,10.5,14.9,E388C,46028.57142857143
4,12,676.5,2.2,5.2,8.3,G153A,130096.15384615383
5,9,355.0,5.5,4.9,12.9,I244M,72448.97959183673
6,4,32.4,2.4,1.3,11.4,I244V,24923.07692307692
7,14,867.7,2.8,8.8,9.7,L108N,98602.27272727272
8,1,8.5,3.2,2.9,13.7,L171D,2931.034482758621
9,2,12.6,4.3,23.7,11.3,N163S,531.6455696202531
10,5,37.4,3.8,3.8,15.5,N220D,9842.105263157895
11,7,40.8,18.3,45.2,25.1,N220S,902.654867256637
12,6,39.8,3.2,9.1,11.0,N293S,4373.626373626373
13,3,25.7,5.5,10.0,8.0,Q313E,2570.0
14,13,842.32,4.19,4.76,0.81,X123Y,176957.98319327735
15,0,9.2,,128.3,,E406Q,71.7069368667186
16,1,13.3,,42.4,,K413A,313.6792452830189
17,2,29.0,,3.7,,H178N,7837.8378378378375
18,3,100.8,,4.3,,D322A,23441.86046511628
19,4,183.4,,8.4,,M261E,21833.333333333332
20,5,191.8,,6.2,,H315Y,30935.48387096774
21,6,248.4,,3.9,,L219A,63692.307692307695
22,7,266.7,,4.4,,E177S,60613.63636363636
23,8,304.9,,8.0,,L219A,38112.5
24,9,526.7,,5.1,,H315Y,103274.50980392158
25,10,567.4,,2.4,,H315A,236416.6666666667
26,11,587.6,,2.6,,K413A,225999.99999999997
27,12,588.4,,2.5,,Q284R,235360.0
28,13,622.5,,3.4,,E353E,183088.23529411765
29,14,639.9,,4.1,,E426S,156073.17073170733
30,15,677.8,,5.8,,E426S,116862.06896551725
31,16,705.8,,6.9,,E353E,102289.85507246375
32,17,742.0,,4.4,,E177S,168636.36363636362
33,18,790.2,,2.7,,L272N,292666.6666666667
34,19,1144.6,,6.8,,V320Q,168323.5294117647
